Country,Capital stock at current PPPs (in mil. 2011US$),"Index of human capital per person, based on years of schooling and returns to education",Population (in millions),K per capita
Niger,96472.6484,1.2119,21.4773,4491.842476
Mozambique,109189.7031,1.2177,29.6688,3680.28714
Burkina Faso,90906.6719,1.2585,19.1934,4736.350615
Mali,55200.4141,1.3437,18.542,2977.047465
Burundi,15963.5049,1.3893,10.8642,1469.367731
Ethiopia,684943.9375,1.4147,104.9574,6525.923256
Angola,1080251.625,1.4673,29.7842,36269.28455
Central African Republic,19002.3574,1.5404,4.6591,4078.546801
Senegal,182939,1.5796,15.8506,11541.45584
Sudan,846308.625,1.5911,40.5333,20879.3418
Sierra Leone,25355.5723,1.6133,7.5572,3355.15433
Gambia,16445.5859,1.6192,2.1006,7828.994525
Ivory Coast,222651.6094,1.6573,24.2948,9164.578815
Congo - Kinshasa,175908.5781,1.666,81.34,2162.633121
Tanzania,773946.25,1.6899,55.7978,13870.55135
Haiti,158113.875,1.7037,10.9812,14398.59715
Madagascar,110037.3281,1.7052,25.5709,4303.224685
Yemen,227303.4844,1.7355,28.2504,8046.027115
Lesotho,32740.4102,1.7582,2.2333,14660.10397
Nepal,250592.2344,1.7701,29.305,8551.176741
Pakistan,1945859.875,1.7748,197.016,9876.659129
Mauritania,58348.8438,1.7869,4.4202,13200.49857
Togo,55997.168,1.7909,7.7977,7181.241648
Liberia,16526.4219,1.811,4.7319,3492.555189
Myanmar,643155.375,1.8168,53.3706,12050.74282
Rwanda,55347.5859,1.838,12.2084,4533.565897
Benin,81619.9063,1.8408,11.1757,7303.337267
Cameroon,227089.5781,1.89,24.0537,9440.941647
Morocco,1710265.5,1.8929,35.7396,47853.51543
Cambodia,138382.1719,1.9022,16.0054,8645.96773
Guatemala,349707.4688,1.9099,16.9135,20676.23312
Laos,150883.9375,1.9112,6.8582,22000.51581
Nigeria,2461664.75,1.9242,190.8863,12895.97394
Malawi,43799.5313,1.9574,18.6221,2352.018908
Eswatini,50796.3477,2.0301,1.3673,37150.84305
Congo - Brazzaville,185260.7969,2.0402,5.2607,35215.99728
Bangladesh,2195226.75,2.0488,164.6698,13331.08287
India,33385420,2.1238,1339.1802,24929.74433
Namibia,124294.3672,2.2251,2.5338,49054.52964
Bahrain,320046.4375,2.2372,1.4926,214422.1074
El Salvador,129833.4844,2.2393,6.3779,20356.77643
Nicaragua,121678.3594,2.2414,6.2176,19569.98832
Kuwait,709136.4375,2.2432,4.1365,171433.9266
Iraq,1046503.75,2.2628,38.2746,27341.99051
Algeria,2236299.75,2.3028,41.3181,54123.97351
Kenya,394330.0625,2.3053,49.6999,7934.222453
Indonesia,17984676,2.3161,263.9914,68125.99198
Uganda,357990.0625,2.325,42.863,8351.960024
Honduras,149489.6406,2.3495,9.2651,16134.70341
Maldives,22589.5059,2.3599,0.4363,51775.16823
Iran,5449297.5,2.4239,81.1628,67140.334
Turkey,8341127,2.4443,80.745,103302.0868
Ghana,918879.375,2.4648,28.8336,31868.35411
Portugal,2398430.5,2.4783,10.3295,232192.3133
Colombia,2444396.25,2.563,49.0656,49818.94138
China,105849328,2.5664,1409.5175,75096.14318
Syria,382274.2188,2.5734,18.2699,20923.71709
Jamaica,162146.8594,2.5891,2.8903,56100.35616
Zambia,378444.9063,2.6024,17.0941,22138.91964
Mauritius,107903.8125,2.6031,1.2651,85292.71401
Paraguay,188594.9219,2.6048,6.8113,27688.53551
Tunisia,714257.1875,2.611,11.5321,61936.43721
Egypt,1590623.75,2.6177,97.5532,16305.19296
Zimbabwe,113144.3359,2.6482,16.5299,6844.828819
Costa Rica,230187.25,2.658,4.9058,46921.45012
Saudi Arabia,6743514.5,2.668,32.9382,204732.3321
Fiji,22156.6367,2.6811,0.9055,24468.95273
Philippines,2877833.75,2.6869,104.9181,27429.33536
Dominican Republic,591542.625,2.7196,10.767,54940.33853
Uruguay,301881.8438,2.7313,3.4567,87332.38169
Mexico,9272062,2.7365,129.1633,71785.57686
United Arab Emirates,2953500.75,2.7401,9.4001,314198.8649
Thailand,5103972,2.7435,69.0375,73930.42911
Ecuador,957913.125,2.7496,16.6249,57619.18117
Vietnam,1552842.125,2.7649,95.5408,16253.1832
Brunei,148226.375,2.7749,0.4287,345757.8143
Gabon,101351.9063,2.7845,2.0251,50047.8526
Peru,1201559.125,2.8029,32.1655,37355.52455
South Africa,2886311.75,2.8092,56.7172,50889.53175
Venezuela,2690508.5,2.8227,31.9771,84138.60231
Barbados,21503.2383,2.8357,0.2857,75265.0973
Panama,318240.3125,2.8572,4.0986,77646.10172
Cyprus,172998.5469,2.8629,0.8552,202290.1624
Macao,200068.5938,2.8635,0.6226,321343.7099
Sri Lanka,981131,2.8639,20.8769,46996.00994
Jordan,322887.8125,2.8746,9.7024,33279.16933
Botswana,212073.7188,2.8853,2.2917,92539.91308
Bolivia,164294.0313,2.9092,11.0516,14866.08557
Spain,10450522,2.9439,46.3543,225448.8149
Brazil,15796820,2.9492,209.2883,75478.75347
Albania,194144.8125,2.9512,2.9302,66256.50553
Mongolia,156973.9531,2.9921,3.0756,51038.4813
Malaysia,2807267,3.0341,31.6243,88769.30082
Argentina,2364575,3.0354,44.271,53411.37539
Tajikistan,446237.9063,3.0509,8.9213,50019.38129
Trinidad and Tobago,264845.9375,3.0679,1.3691,193445.2834
Greece,2442296.25,3.0913,11.1598,218847.672
Qatar,1345747.25,3.0921,2.6392,509907.2636
Chile,1534204.625,3.1079,18.0547,84975.3596
Italy,16525972,3.1217,59.3599,278402.9623
Malta,53994.7109,3.1252,0.4308,125335.912
Latvia,397774.5313,3.1271,1.9497,204018.3266
Armenia,89271.4922,3.1305,2.9304,30463.92718
Kazakhstan,1142358.5,3.1358,18.2045,62751.43508
Belgium,3032260.75,3.1364,11.4293,265305.9024
Ireland,1298682.625,3.1507,4.7617,272735.0789
Bulgaria,420190.0313,3.1628,7.0846,59310.33951
France,15062345,3.1907,67.2263,224054.3508
Iceland,76263.6172,3.2278,0.335,227652.5887
Romania,1857608.25,3.2337,19.6793,94394.02062
Hong Kong,1971858.25,3.239,7.3649,267737.2741
Lithuania,326608.0625,3.2627,2.8903,113001.4402
Ukraine,2178504.5,3.2724,44.2229,49261.90955
Taiwan,4174671.25,3.2907,23.5555,177227.0277
Austria,2518291.5,3.359,8.7355,288282.4681
New Zealand,617119.6875,3.3607,4.7058,131140.2285
Netherlands,4163233.75,3.3685,17.0359,244380.0298
Hungary,1422003.125,3.385,9.7216,146272.54
Serbia,461665.8125,3.391,7.0347,65626.93683
Russia,16505067,3.403,143.9898,114626.6402
Poland,2638046,3.4042,38.1707,69111.80565
Sweden,2305795.5,3.4159,9.9107,232657.1786
Moldova,93525.4531,3.4504,4.0512,23085.86421
Kyrgyzstan,81286.2109,3.4533,6.0451,13446.628
Finland,1102754.375,3.4662,5.5232,199658.5992
Luxembourg,219834.4844,3.5125,0.5835,376751.4728
Australia,5421295.5,3.5225,24.4506,221724.4362
Croatia,556734.3125,3.5237,4.1894,132891.1807
Belize,6526.4048,3.5291,0.3747,17417.68028
Slovenia,453280.7188,3.5322,2.08,217923.4225
Denmark,1499052.625,3.563,5.7336,261450.5067
Japan,22900656,3.5723,127.4845,179634.8262
Estonia,185511.0625,3.6161,1.3096,141654.7515
Norway,1574070.75,3.6431,5.3054,296692.191
Czech Republic,2278895.75,3.6658,10.6183,214619.6425
Germany,19033204,3.6705,82.1142,231789.4347
Switzerland,2498143,3.6875,8.476,294731.3591
South Korea,8896485,3.6945,50.9822,174501.7869
Canada,8071759,3.7063,36.6242,220394.1383
United States,60923964,3.7387,324.4595,187770.6278
United Kingdom,13221941,3.7578,66.1816,199782.7342
Slovakia,689147.1875,3.7938,5.4477,126502.4116
Israel,1170295.75,3.8071,8.3216,140633.502
Singapore,2099481.5,3.9742,5.7088,367762.3143